-9.975245953533568716e-03,8.754094765959987701e-01,8.046058439817600494e-01,1.767011097936162234e-01,-5.421409331403596044e-01,-9.206030058762949553e-01,-3.173156955148517255e-01,4.212567445804218380e-01,8.009504694444450346e-01
2.183804141285540790e-01,8.107945098368285475e-01,9.136565461665910881e-01,2.950051642848914302e-01,-9.830412648846390544e-01,-1.173135473679517427e+00,-3.106492552727898038e-01,7.052879307059486402e-01,8.851237410427080787e-01
3.048066418562526692e-01,1.068221490291825004e+00,9.743261244227834350e-01,-1.421061903781997982e-01,-7.505476661885523981e-01,-9.279427046169190785e-01,4.862084621071116608e-02,8.323197119803386057e-01,9.183944230204064141e-01
2.753173230741011168e-01,9.513021682747395680e-01,5.728472024104980242e-01,-7.338442190834799927e-02,-8.233098197630884796e-01,-8.518602705507540840e-01,1.730455563325884183e-01,7.645481671830118842e-01,7.826581034390355240e-01
3.918906841492705295e-01,9.316408923666966713e-01,6.127928235628278264e-01,-4.061653493035013440e-01,-8.855275506847024580e-01,-7.271508989412788226e-01,2.391294982140799719e-01,8.187871983919504659e-01,8.662416295553901913e-01
6.336873168504839615e-01,1.020478823634518584e+00,4.652805196514857022e-01,-5.437130319925813637e-01,-7.690983547189725877e-01,-5.949386361824997582e-01,3.636351928715898518e-01,8.962255642788354848e-01,6.228264494168878063e-01
5.467620373644952458e-01,7.223471384666086959e-01,4.959319598200710999e-01,-3.631904374693051274e-01,-9.008830044556001004e-01,-5.233613162682257958e-01,3.233364972215372335e-01,1.200282034244060769e+00,6.102933489593599381e-01
6.507713482386903170e-01,1.100282627193759799e+00,3.502864655739589272e-01,-6.443932419007294410e-01,-8.691615528927384426e-01,-5.595381721038387157e-01,3.478453218221643772e-01,9.419056858343612948e-01,6.487356227497100836e-01
7.442778617542455954e-01,9.218077451285120461e-01,1.413847804513621020e-01,-5.982290683928100927e-01,-9.937729332037726904e-01,-3.673223910940523473e-01,4.307429108519057470e-01,1.114059681282734804e+00,4.777169872448142618e-01
8.787266027364625254e-01,8.754229822401190519e-01,1.059259037688582983e-01,-6.852744063786612161e-01,-9.877842050847644995e-01,-4.404938334145930279e-01,5.161102256309296754e-01,1.109408274553544516e+00,4.011915620600746690e-01
7.753109694321134171e-01,9.268534980343799967e-01,3.803975404836348884e-02,-8.642741443751535968e-01,-1.045500803751703289e+00,-1.796078831505582007e-01,8.475567075558242403e-01,8.724394852008241497e-01,2.559819335683096719e-01
9.249925106893531757e-01,9.765210043249961114e-01,-9.180587284414153115e-02,-9.221653716423882097e-01,-7.182522073386181649e-01,-9.238611923058953623e-02,9.159163086817687649e-01,1.048426267451509242e+00,1.919856433371235904e-01
8.144911662219567194e-01,5.333981675697627711e-01,-1.880942604758120140e-01,-8.269238024532429288e-01,-9.293842782068987285e-01,2.072797518769298741e-01,8.206238538935501925e-01,7.955502951232146236e-01,1.786543033866168639e-01
1.027096953375238098e+00,6.525883271503624128e-01,-3.934901804477966003e-01,-7.753912080253363426e-01,-6.929001187445936738e-01,1.579787965742269484e-01,9.797679952607560860e-01,7.616734675421693579e-01,-1.500341453206332776e-01
1.027637249056071456e+00,5.318485602881132257e-01,-6.429428148232408935e-01,-1.051294127629628594e+00,-8.549235951106344267e-01,2.202078559153139437e-01,9.680354396730338484e-01,6.459110108620993440e-01,-2.639894630793213626e-01
1.028652735779138405e+00,2.792773807814594722e-01,-2.887262514230790611e-01,-1.038638173524517150e+00,-5.356595834777148069e-01,2.363940683976702428e-01,9.685815662492510691e-01,7.098527230224359608e-01,-3.438673436015871610e-01
9.246098771441914055e-01,3.819622210620829406e-01,-7.431696922186893373e-01,-1.021188598374098255e+00,-4.805723636122062326e-01,4.786925799773419921e-01,1.110542066103107794e+00,5.153139987652035625e-01,-1.842371955993345467e-01
9.723159143739162902e-01,1.285934102108733379e-01,-6.989610916113847550e-01,-9.537863740401463231e-01,-3.479483592225527944e-01,6.331453991964497430e-01,9.962000854548804796e-01,4.545301384209897710e-01,-2.882603582550168908e-01
7.763296851276896282e-01,2.167884478560165307e-01,-6.836026815066857942e-01,-9.422568311377633732e-01,-1.784825350783033060e-01,5.911711955120068085e-01,1.069169898486414638e+00,4.529416968464698434e-01,-3.248023985407034742e-01
9.267006638348841419e-01,1.969474780620219800e-01,-9.066116062068756420e-01,-9.125093949574228924e-01,-9.924487322147981794e-02,6.714700142554068663e-01,9.441382728314288153e-01,3.338922014820902562e-01,-5.744773852078776111e-01
8.562078190772843822e-01,-2.950950957514435480e-01,-9.712994002712002084e-01,-8.929985990721724942e-01,-1.064656616579758852e-01,8.725849400070445627e-01,8.979676960562790189e-01,1.141042095485167995e-01,-7.864203327591323678e-01
6.824406365558719489e-01,-2.508198577264066365e-01,-1.079304989666206804e+00,-6.252043019024686732e-01,1.255927511946409725e-01,9.087562163815116056e-01,8.157548257330314856e-01,2.486205405264787366e-02,-7.922472556652147002e-01
4.813032504911047837e-01,-3.961736740571575321e-01,-1.063282589108479170e+00,-5.249506493069734381e-01,2.013521746146236802e-01,9.544817514206389575e-01,7.752639755311094838e-01,8.388312642269600550e-03,-8.048902386391902919e-01
5.739999188993462065e-01,-4.224024825273933192e-01,-1.057849616851860519e+00,-5.875114112253223553e-01,3.213485734106524827e-01,1.202302110247144507e+00,6.869169031851615204e-01,-2.739747619751011776e-01,-8.563931444855619191e-01
4.314200896220500847e-01,-3.628450023020027837e-01,-1.011982715355091322e+00,-5.325582515814941686e-01,4.300261297311052666e-01,9.909919222971811381e-01,5.454105283252937975e-01,-2.165740678531705432e-01,-9.164848457274671345e-01
3.034015366528521329e-01,-4.622088102920473562e-01,-1.301440376135564625e+00,-5.102716737441050920e-01,5.423743733722902194e-01,1.080246724267549974e+00,5.266015567106512307e-01,-4.020400810761765031e-01,-8.866792900270171751e-01
2.437441475496538446e-01,-7.460006566593173627e-01,-8.883668753452381717e-01,-2.720480129039404282e-01,5.922427258625522217e-01,9.525185731377383558e-01,4.604018266648344238e-01,-4.593478306657109433e-01,-9.884479956711562654e-01
1.450305462370615750e-01,-6.228487057155775997e-01,-1.005714546213341665e+00,-2.871286214823303151e-01,6.726189141290722651e-01,9.953643210315465950e-01,4.174686141306791498e-01,-6.750280325974413742e-01,-9.578081141614170901e-01
2.015033475638300375e-01,-9.582439921615916179e-01,-9.220135241719433772e-01,-2.172143762138077638e-01,8.496257923433150339e-01,1.089869909019526517e+00,2.821040414474905722e-01,-5.682320765638484428e-01,-1.066743286660246204e+00
-2.271356832980899187e-01,-8.712667331611230193e-01,-7.459373644729291319e-01,-1.803402501086535936e-01,8.992313072208903968e-01,9.046320455772860480e-01,5.342036439436383122e-02,-5.977560690794928577e-01,-9.378528888557065013e-01
-2.388796883141688365e-01,-8.937604819698931058e-01,-7.778305333648972697e-01,2.142659441497056783e-01,9.191361589896479556e-01,9.545301904773629831e-01,-1.526772560371299908e-02,-8.898080076769013802e-01,-1.012301392344102435e+00
-3.161127966460729466e-01,-1.059543691867750326e+00,-7.648237855469911528e-01,2.939454396417781057e-01,9.103880455539805627e-01,8.552799225913002568e-01,-1.402580996653026713e-01,-8.603090199116282255e-01,-9.202013651740761357e-01
-3.048479899877233334e-01,-8.324929213158083208e-01,-6.721821082113921264e-01,4.233282485895821234e-01,9.624019872898572636e-01,7.858956801286193228e-01,-2.110110410293534189e-01,-7.983104536651761673e-01,-7.775170391195512787e-01
-6.094687081776248849e-01,-9.443565661166508640e-01,-4.381928120570397489e-01,5.096655853053546625e-01,9.544121908335461146e-01,4.860582413012846104e-01,-3.500279749610282765e-01,-8.873764525663422331e-01,-9.482341933496544195e-01
-6.496283929937088919e-01,-1.005091542583497422e+00,-3.777420099598508552e-01,5.057314147788738445e-01,1.087060317650595076e+00,6.403489368793953140e-01,-4.024913649232682578e-01,-9.879297510150450989e-01,-7.898135209959832315e-01
-5.820132301674352249e-01,-1.038757020681484233e+00,-4.066693229389002351e-01,5.285824918720802845e-01,1.078494347597446890e+00,4.317571132900259734e-01,-5.264682011669324924e-01,-1.104871446513227440e+00,-7.102119010121461518e-01
-8.024779535050359236e-01,-9.913667764582652087e-01,-3.032460645767389162e-01,5.583780363061787710e-01,9.017099538626225375e-01,4.581332361825662947e-01,-5.265284213290559734e-01,-1.034923420059395971e+00,-4.288402790897736239e-01
-8.975414425920833494e-01,-9.903091420635734554e-01,-8.685038670490316526e-02,7.907926285632557173e-01,9.702621737598041696e-01,1.964914873055472466e-01,-6.539023479777490433e-01,-9.902534795115709443e-01,-5.988842085751455713e-01
-9.018045935295521121e-01,-7.748271666644614974e-01,-1.773443574707739626e-02,7.431449306244006792e-01,1.088936876405237397e+00,1.775774767989739544e-01,-7.819344435473047916e-01,-8.802214573445243939e-01,-1.788452099215901148e-01
-7.654279744764317384e-01,-8.878514700441311192e-01,4.688643407728079748e-02,8.944999020773609644e-01,1.016694021842353912e+00,3.109667456992813023e-02,-8.538677833669543471e-01,-1.202492906537867556e+00,-8.303912957402785622e-02
-1.082755837023813728e+00,-7.969882364396481123e-01,2.841386768014915742e-01,8.309958923801095132e-01,7.757262982035771914e-01,-1.785657036605099723e-02,-9.991013096230153545e-01,-1.023322554459004996e+00,-7.538157616759670610e-02
-7.723197157653778344e-01,-7.089540860166052560e-01,4.605396104151759928e-01,9.604038141566140219e-01,5.790755241704029777e-01,-1.781496952287319191e-01,-9.892854474130945430e-01,-1.025247632938009801e+00,-3.738816427602004167e-02
-1.014280223357268751e+00,-5.251852688570735062e-01,3.747622559611696325e-01,1.035649967738789368e+00,6.113281962764787192e-01,-2.146527848711341502e-01,-9.104820119514185350e-01,-7.667271040075354094e-01,1.851665865349249596e-01
-1.025246657431283515e+00,-5.384047305231686176e-01,5.894466018406562258e-01,9.072849044592504741e-01,4.863882459837907679e-01,-3.323199776848119735e-01,-9.553727711730258809e-01,-7.137356746434111443e-01,5.081932811242022563e-01
-1.134919291453649448e+00,-2.829992800874128744e-01,6.580513759934077944e-01,1.016144883111971042e+00,4.464159338644079766e-01,-5.119578552009701466e-01,-1.171267429446725572e+00,-6.887285883009734988e-01,4.987330963046076593e-01
-9.148749487891769672e-01,-1.908834072440572238e-01,7.897517526099684382e-01,9.178476340680364887e-01,3.156168576869223807e-01,-6.756395867541125089e-01,-7.751755562854254489e-01,-5.420183657105234198e-01,3.965124913528478845e-01
-8.797530234953883088e-01,-3.433673925573225982e-02,7.233609386585294621e-01,1.019089055550658651e+00,2.214320908753802386e-01,-7.228061123482416583e-01,-8.821820197382276296e-01,-4.148974006311578755e-01,6.931020929200395475e-01
-6.792596103126523621e-01,2.829690943887692989e-02,8.424190066019134893e-01,9.056226076659611435e-01,2.453669398430989301e-01,-6.849779027914044693e-01,-8.553870041642884781e-01,-1.811343443330790115e-01,6.569045334344919551e-01
-6.751338805231147377e-01,1.808489503580189006e-01,8.282190385760052065e-01,9.048301110770582412e-01,-6.540696525839470588e-02,-8.270107009457714486e-01,-1.091796219418722735e+00,-1.566105692913991876e-01,8.276596284647192991e-01
-7.446796813291103323e-01,1.630367042170413894e-01,1.024557146046225498e+00,7.878385701774403005e-01,-3.302962247920445543e-02,-9.027193969854310218e-01,-7.880756549851769543e-01,-5.542534436703427242e-02,7.784733740234116572e-01
-5.309751386471268653e-01,2.623756221601528660e-01,9.760568201073596128e-01,7.988708190385510610e-01,-1.074313708780217091e-01,-8.861282084516829416e-01,-7.993626777052585952e-01,-7.966291342441872425e-02,7.716543394124271149e-01
-5.862311769423866892e-01,3.135156451789044563e-01,1.067101334323379502e+00,8.172073994121200613e-01,-1.998877662128260846e-01,-1.048236883599161118e+00,-7.357870413136314847e-01,1.685869140955484069e-01,9.788072775908938095e-01
-4.733637681775002548e-01,5.685247812942110235e-01,1.085240499180315066e+00,5.791190340169809492e-01,-3.207240416970247865e-01,-9.310771082119643216e-01,-3.896094250221262545e-01,9.715857782609732540e-02,9.117579828489467131e-01
-4.656852233327257173e-01,5.183406551287687014e-01,1.031726268644696409e+00,4.410722028179240861e-01,-6.552861802134775093e-01,-8.764247545782039017e-01,-7.010816160503745564e-01,2.932412435823624763e-01,1.069803460597160472e+00
-7.996006786668258259e-03,7.613914416975677835e-01,1.089533645060399847e+00,3.704033188080613215e-01,-7.046329256702981159e-01,-1.065132134855075074e+00,-5.073507072552460029e-01,4.479693439562757451e-01,1.235768153392248436e+00
-1.639976966630067035e-01,9.718480258696058360e-01,9.284772832897522088e-01,9.271231757467746082e-03,-5.905675068437946651e-01,-9.792140907057251820e-01,-4.326953781588647185e-01,6.285322016274772494e-01,1.159647902183847279e+00
-1.614634213144835739e-01,7.994271576972665772e-01,7.619431303559374147e-01,1.375462032100958354e-01,-6.060079440244741100e-01,-1.187254529737821196e+00,-3.496444378408947173e-01,6.095235673686342226e-01,1.029842260753200067e+00
1.219745853057347812e-01,8.685693751051881684e-01,9.384901206476209401e-01,-1.114838939938121304e-01,-1.002657291063346001e+00,-9.401965045357794093e-01,-1.776246252567178219e-01,8.661370485401790331e-01,1.073515081263190840e+00
3.392587264449898332e-01,9.656896498699910625e-01,9.029454688431031162e-01,-9.808579690977101140e-02,-9.098023266668535669e-01,-8.636474551146088308e-01,-1.249090188043865401e-01,6.883206572934148504e-01,8.391757514985819233e-01
2.998707828406487752e-01,1.007817439961096406e+00,7.751521010566285730e-01,-1.595171066977126018e-01,-9.914807540205613501e-01,-7.710028548526201009e-01,1.668503127067863800e-01,1.107257438190167864e+00,8.278062121734812706e-01
3.328617906253198422e-01,8.846542915020285669e-01,7.419878915688749021e-01,-3.842458118037905823e-01,-1.144052508162916482e+00,-6.480821576921041993e-01,2.292453924876585725e-01,8.418083325025584873e-01,8.314188589660920226e-01
6.294731982635515255e-01,9.910964364143476368e-01,6.507418952643341248e-01,-4.631909145143763840e-01,-1.136826146465564902e+00,-6.807091011007005976e-01,2.171138488853679993e-01,8.157746062500405015e-01,6.525950074534634382e-01
6.083116402647713583e-01,9.724946654215019803e-01,2.447082623509662658e-01,-5.492463468247775760e-01,-1.133092345076483820e+00,-5.762945076599430561e-01,3.191162285821920186e-01,9.045029895335198189e-01,7.983032061105025390e-01
6.811976828826755703e-01,9.212055214253493940e-01,1.833717719910786526e-01,-5.226217693846286760e-01,-1.041076441681297871e+00,-6.288674493630437290e-01,2.663586274969932943e-01,1.093206986818670678e+00,6.913794609356367360e-01
7.127905217468739618e-01,8.085387755946699118e-01,1.308674040567222030e-01,-6.517026462412042198e-01,-1.004911240555860674e+00,-4.295562100613116163e-01,5.082856358100094063e-01,1.062534209011166020e+00,6.196137177023192111e-01
9.171372548119249846e-01,7.956650810285039732e-01,1.684903586171390133e-01,-7.699158729959278968e-01,-9.503071175638386769e-01,-3.310797915463358221e-01,5.411314094128771846e-01,9.476995936220278249e-01,2.641761086039389195e-01
9.443676739910551454e-01,6.803645747806450483e-01,2.554488453731444675e-02,-8.999377057072490693e-01,-1.080450581073261862e+00,-2.045880492970311715e-01,8.725185953825020935e-01,9.258801966696053043e-01,2.721670631724581457e-01
9.070743890477485083e-01,5.931847491362144398e-01,-1.085321632899612643e-01,-9.288152530554579789e-01,-7.018353377865624854e-01,-3.184908471380351602e-03,6.351181199804054600e-01,9.588570852344444617e-01,1.746322855324534962e-01
1.094450580471702406e+00,8.715875698547235206e-01,-2.803778480625199188e-01,-9.599865919763301836e-01,-8.235598880171201008e-01,2.212766459442674361e-01,9.472125735798723190e-01,9.505371119979058037e-01,6.832495344745137533e-02
1.054764351899581287e+00,6.790933853390753727e-01,-2.843943984904819255e-01,-8.300007975891405820e-01,-6.832545820704825079e-01,8.538519991718823698e-02,9.185777461660911136e-01,7.487971393825046951e-01,-5.866566626752168362e-02
7.055045101162096266e-01,5.644750006200252024e-01,-3.760038305918996793e-01,-9.350084621492428250e-01,-6.070044572477112377e-01,2.143618298870349770e-01,9.478917540007961717e-01,9.093621512504903581e-01,-1.840625945524194673e-01
9.500693336168229974e-01,4.405433406188466461e-01,-5.873748479131727374e-01,-9.607414249797623373e-01,-5.149823508345900969e-01,3.069368668271366674e-01,9.524629784874090177e-01,7.015183431054390351e-01,-3.241984166390581290e-01
9.499473489419398842e-01,4.023445790718853665e-01,-4.432830493986751330e-01,-1.104641251416720982e+00,-3.193686247369814657e-01,6.749855903845815019e-01,1.133849804912342218e+00,4.545660983053660953e-01,-3.620331083433408481e-01
8.476141008359485696e-01,4.114814774778746687e-01,-7.992733690284092862e-01,-1.036452258460251796e+00,-4.394696759424576715e-01,5.635985182953299200e-01,7.312674706446173900e-01,6.040585519325014641e-01,-5.674111254062791376e-01
7.294553475494566230e-01,1.830344020572875763e-02,-6.327954212673637668e-01,-1.166565258193503318e+00,-2.521559817457282859e-01,7.274091693825490701e-01,8.727482691311603258e-01,4.229077860942875855e-01,-5.198108225144038030e-01
8.783738208798533842e-01,9.198921807658341776e-02,-9.923995128647939978e-01,-9.152281037708202005e-01,-2.711259889338302198e-01,8.101216776076598514e-01,9.042882543085374314e-01,2.421162614866239349e-01,-7.276805084488190412e-01
8.338518282031661677e-01,-1.394154555668719042e-01,-9.349144494826281404e-01,-8.490880767365501791e-01,-9.210357897240807612e-02,6.906593980636983598e-01,9.254893923012565971e-01,1.615313440971184455e-01,-6.585417536710226338e-01
7.662480039704075985e-01,-5.457802257674272406e-01,-1.071962720096781618e+00,-1.004072018417534462e+00,1.918003116495739513e-02,1.018580103338204701e+00,9.297562133276731089e-01,7.882458489339883023e-02,-6.265465610623069947e-01
6.137676267786212891e-01,-3.518333843344607081e-01,-8.431130170376388566e-01,-6.789336326053976300e-01,2.263197513999711807e-01,1.025136655406082120e+00,8.347916827210527524e-01,2.129048145865377467e-02,-8.335869194919287573e-01
6.271745938925279429e-01,-5.243474415986565385e-01,-9.416322570264724634e-01,-6.517851423575963254e-01,1.319528887764130354e-01,1.061868307107186826e+00,8.538188055514882580e-01,-1.055056692074021196e-01,-9.831810803216555206e-01
5.182780834462055175e-01,-5.119729141752376034e-01,-1.063407826007267687e+00,-4.473517248934316681e-01,2.395390104699388345e-01,9.243802481998643072e-01,6.258829355400858940e-01,-2.854956497325482623e-01,-8.137472427990068979e-01
2.030987468321796552e-01,-6.501699345760592053e-01,-9.217134072586422588e-01,-3.784052809364999437e-01,6.298858688476920431e-01,8.526693041270414497e-01,5.297991421290269010e-01,-4.532579640621818839e-01,-9.461946086351991081e-01
1.369130146250878699e-01,-5.946556623668310948e-01,-9.877675900708039469e-01,-5.386630850779488000e-01,4.939360210437001575e-01,1.067764583923956234e+00,4.888552198400485937e-01,-3.281883656737811794e-01,-9.859650797219216001e-01
1.054027638843769987e-02,-9.256728679710167773e-01,-7.767938063935611037e-01,-4.330120202187144884e-01,7.751978012335134505e-01,1.052112774861627686e+00,3.491582008358897204e-01,-6.929425894330286662e-01,-1.241648262534774894e+00
-1.924012298784992248e-01,-8.019934368877466024e-01,-9.023390220744093027e-01,-2.530894076208982657e-01,7.909849987164057072e-01,9.606762742466367078e-01,3.684430495270109018e-01,-6.726114698021899985e-01,-1.005678804956642969e+00
-7.494782353921813911e-02,-9.337652949010524228e-01,-9.084066952398563988e-01,1.601843854263151623e-01,8.440484223959767718e-01,9.482766640889634946e-01,1.400038942299998979e-01,-7.793740074232550219e-01,-8.866656805110273432e-01
-1.432155790799724548e-01,-9.470247421738527960e-01,-7.312172609346023755e-01,1.613986397071432710e-01,9.245669427973441934e-01,7.432515797698550086e-01,1.265338775292512707e-02,-8.542583167810430256e-01,-9.372381223949621809e-01
-2.346552500307012012e-01,-1.111652860261883591e+00,-7.230411456082067589e-01,6.407112333141429250e-02,9.356442857633003873e-01,8.258984344308865078e-01,-1.447750640063943106e-01,-9.782859263350144330e-01,-8.143343700257384965e-01
-4.305553768283958416e-01,-8.879649691546648294e-01,-5.954888605471111429e-01,2.691364625275760036e-01,1.017323817013344955e+00,7.040136187762257025e-01,-1.604249701648216564e-01,-8.544712383622655727e-01,-8.128720650147630566e-01
-4.043530399516068186e-01,-1.062310196489907543e+00,-6.666533996320164190e-01,4.931312777044433160e-01,9.215458428559514248e-01,6.332912596285279472e-01,-3.975921258097367961e-01,-7.267165872829081108e-01,-6.731634969283555314e-01
-9.975245953533568716e-03,8.754094765959987701e-01,8.046058439817600494e-01,1.767011097936162234e-01,-5.421409331403596044e-01,-9.206030058762949553e-01,-3.173156955148517255e-01,4.212567445804218380e-01,8.009504694444450346e-01
2.183804141285540790e-01,8.107945098368285475e-01,9.136565461665910881e-01,2.950051642848914302e-01,-9.830412648846390544e-01,-1.173135473679517427e+00,-3.106492552727898038e-01,7.052879307059486402e-01,8.851237410427080787e-01
3.048066418562526692e-01,1.068221490291825004e+00,9.743261244227834350e-01,-1.421061903781997982e-01,-7.505476661885523981e-01,-9.279427046169190785e-01,4.862084621071116608e-02,8.323197119803386057e-01,9.183944230204064141e-01
2.753173230741011168e-01,9.513021682747395680e-01,5.728472024104980242e-01,-7.338442190834799927e-02,-8.233098197630884796e-01,-8.518602705507540840e-01,1.730455563325884183e-01,7.645481671830118842e-01,7.826581034390355240e-01
3.918906841492705295e-01,9.316408923666966713e-01,6.127928235628278264e-01,-4.061653493035013440e-01,-8.855275506847024580e-01,-7.271508989412788226e-01,2.391294982140799719e-01,8.187871983919504659e-01,8.662416295553901913e-01
6.336873168504839615e-01,1.020478823634518584e+00,4.652805196514857022e-01,-5.437130319925813637e-01,-7.690983547189725877e-01,-5.949386361824997582e-01,3.636351928715898518e-01,8.962255642788354848e-01,6.228264494168878063e-01
5.467620373644952458e-01,7.223471384666086959e-01,4.959319598200710999e-01,-3.631904374693051274e-01,-9.008830044556001004e-01,-5.233613162682257958e-01,3.233364972215372335e-01,1.200282034244060769e+00,6.102933489593599381e-01
6.507713482386903170e-01,1.100282627193759799e+00,3.502864655739589272e-01,-6.443932419007294410e-01,-8.691615528927384426e-01,-5.595381721038387157e-01,3.478453218221643772e-01,9.419056858343612948e-01,6.487356227497100836e-01
7.442778617542455954e-01,9.218077451285120461e-01,1.413847804513621020e-01,-5.982290683928100927e-01,-9.937729332037726904e-01,-3.673223910940523473e-01,4.307429108519057470e-01,1.114059681282734804e+00,4.777169872448142618e-01
8.787266027364625254e-01,8.754229822401190519e-01,1.059259037688582983e-01,-6.852744063786612161e-01,-9.877842050847644995e-01,-4.404938334145930279e-01,5.161102256309296754e-01,1.109408274553544516e+00,4.011915620600746690e-01
7.753109694321134171e-01,9.268534980343799967e-01,3.803975404836348884e-02,-8.642741443751535968e-01,-1.045500803751703289e+00,-1.796078831505582007e-01,8.475567075558242403e-01,8.724394852008241497e-01,2.559819335683096719e-01
9.249925106893531757e-01,9.765210043249961114e-01,-9.180587284414153115e-02,-9.221653716423882097e-01,-7.182522073386181649e-01,-9.238611923058953623e-02,9.159163086817687649e-01,1.048426267451509242e+00,1.919856433371235904e-01
8.144911662219567194e-01,5.333981675697627711e-01,-1.880942604758120140e-01,-8.269238024532429288e-01,-9.293842782068987285e-01,2.072797518769298741e-01,8.206238538935501925e-01,7.955502951232146236e-01,1.786543033866168639e-01
1.027096953375238098e+00,6.525883271503624128e-01,-3.934901804477966003e-01,-7.753912080253363426e-01,-6.929001187445936738e-01,1.579787965742269484e-01,9.797679952607560860e-01,7.616734675421693579e-01,-1.500341453206332776e-01
1.027637249056071456e+00,5.318485602881132257e-01,-6.429428148232408935e-01,-1.051294127629628594e+00,-8.549235951106344267e-01,2.202078559153139437e-01,9.680354396730338484e-01,6.459110108620993440e-01,-2.639894630793213626e-01
1.028652735779138405e+00,2.792773807814594722e-01,-2.887262514230790611e-01,-1.038638173524517150e+00,-5.356595834777148069e-01,2.363940683976702428e-01,9.685815662492510691e-01,7.098527230224359608e-01,-3.438673436015871610e-01
9.246098771441914055e-01,3.819622210620829406e-01,-7.431696922186893373e-01,-1.021188598374098255e+00,-4.805723636122062326e-01,4.786925799773419921e-01,1.110542066103107794e+00,5.153139987652035625e-01,-1.842371955993345467e-01
9.723159143739162902e-01,1.285934102108733379e-01,-6.989610916113847550e-01,-9.537863740401463231e-01,-3.479483592225527944e-01,6.331453991964497430e-01,9.962000854548804796e-01,4.545301384209897710e-01,-2.882603582550168908e-01
7.763296851276896282e-01,2.167884478560165307e-01,-6.836026815066857942e-01,-9.422568311377633732e-01,-1.784825350783033060e-01,5.911711955120068085e-01,1.069169898486414638e+00,4.529416968464698434e-01,-3.248023985407034742e-01
9.267006638348841419e-01,1.969474780620219800e-01,-9.066116062068756420e-01,-9.125093949574228924e-01,-9.924487322147981794e-02,6.714700142554068663e-01,9.441382728314288153e-01,3.338922014820902562e-01,-5.744773852078776111e-01
8.562078190772843822e-01,-2.950950957514435480e-01,-9.712994002712002084e-01,-8.929985990721724942e-01,-1.064656616579758852e-01,8.725849400070445627e-01,8.979676960562790189e-01,1.141042095485167995e-01,-7.864203327591323678e-01
6.824406365558719489e-01,-2.508198577264066365e-01,-1.079304989666206804e+00,-6.252043019024686732e-01,1.255927511946409725e-01,9.087562163815116056e-01,8.157548257330314856e-01,2.486205405264787366e-02,-7.922472556652147002e-01
4.813032504911047837e-01,-3.961736740571575321e-01,-1.063282589108479170e+00,-5.249506493069734381e-01,2.013521746146236802e-01,9.544817514206389575e-01,7.752639755311094838e-01,8.388312642269600550e-03,-8.048902386391902919e-01
5.739999188993462065e-01,-4.224024825273933192e-01,-1.057849616851860519e+00,-5.875114112253223553e-01,3.213485734106524827e-01,1.202302110247144507e+00,6.869169031851615204e-01,-2.739747619751011776e-01,-8.563931444855619191e-01
4.314200896220500847e-01,-3.628450023020027837e-01,-1.011982715355091322e+00,-5.325582515814941686e-01,4.300261297311052666e-01,9.909919222971811381e-01,5.454105283252937975e-01,-2.165740678531705432e-01,-9.164848457274671345e-01
3.034015366528521329e-01,-4.622088102920473562e-01,-1.301440376135564625e+00,-5.102716737441050920e-01,5.423743733722902194e-01,1.080246724267549974e+00,5.266015567106512307e-01,-4.020400810761765031e-01,-8.866792900270171751e-01
2.437441475496538446e-01,-7.460006566593173627e-01,-8.883668753452381717e-01,-2.720480129039404282e-01,5.922427258625522217e-01,9.525185731377383558e-01,4.604018266648344238e-01,-4.593478306657109433e-01,-9.884479956711562654e-01
1.450305462370615750e-01,-6.228487057155775997e-01,-1.005714546213341665e+00,-2.871286214823303151e-01,6.726189141290722651e-01,9.953643210315465950e-01,4.174686141306791498e-01,-6.750280325974413742e-01,-9.578081141614170901e-01
2.015033475638300375e-01,-9.582439921615916179e-01,-9.220135241719433772e-01,-2.172143762138077638e-01,8.496257923433150339e-01,1.089869909019526517e+00,2.821040414474905722e-01,-5.682320765638484428e-01,-1.066743286660246204e+00
-2.271356832980899187e-01,-8.712667331611230193e-01,-7.459373644729291319e-01,-1.803402501086535936e-01,8.992313072208903968e-01,9.046320455772860480e-01,5.342036439436383122e-02,-5.977560690794928577e-01,-9.378528888557065013e-01
-2.388796883141688365e-01,-8.937604819698931058e-01,-7.778305333648972697e-01,2.142659441497056783e-01,9.191361589896479556e-01,9.545301904773629831e-01,-1.526772560371299908e-02,-8.898080076769013802e-01,-1.012301392344102435e+00
-3.161127966460729466e-01,-1.059543691867750326e+00,-7.648237855469911528e-01,2.939454396417781057e-01,9.103880455539805627e-01,8.552799225913002568e-01,-1.402580996653026713e-01,-8.603090199116282255e-01,-9.202013651740761357e-01
-3.048479899877233334e-01,-8.324929213158083208e-01,-6.721821082113921264e-01,4.233282485895821234e-01,9.624019872898572636e-01,7.858956801286193228e-01,-2.110110410293534189e-01,-7.983104536651761673e-01,-7.775170391195512787e-01
-6.094687081776248849e-01,-9.443565661166508640e-01,-4.381928120570397489e-01,5.096655853053546625e-01,9.544121908335461146e-01,4.860582413012846104e-01,-3.500279749610282765e-01,-8.873764525663422331e-01,-9.482341933496544195e-01
-6.496283929937088919e-01,-1.005091542583497422e+00,-3.777420099598508552e-01,5.057314147788738445e-01,1.087060317650595076e+00,6.403489368793953140e-01,-4.024913649232682578e-01,-9.879297510150450989e-01,-7.898135209959832315e-01
-5.820132301674352249e-01,-1.038757020681484233e+00,-4.066693229389002351e-01,5.285824918720802845e-01,1.078494347597446890e+00,4.317571132900259734e-01,-5.264682011669324924e-01,-1.104871446513227440e+00,-7.102119010121461518e-01
-8.024779535050359236e-01,-9.913667764582652087e-01,-3.032460645767389162e-01,5.583780363061787710e-01,9.017099538626225375e-01,4.581332361825662947e-01,-5.265284213290559734e-01,-1.034923420059395971e+00,-4.288402790897736239e-01
-8.975414425920833494e-01,-9.903091420635734554e-01,-8.685038670490316526e-02,7.907926285632557173e-01,9.702621737598041696e-01,1.964914873055472466e-01,-6.539023479777490433e-01,-9.902534795115709443e-01,-5.988842085751455713e-01
-9.018045935295521121e-01,-7.748271666644614974e-01,-1.773443574707739626e-02,7.431449306244006792e-01,1.088936876405237397e+00,1.775774767989739544e-01,-7.819344435473047916e-01,-8.802214573445243939e-01,-1.788452099215901148e-01
-7.654279744764317384e-01,-8.878514700441311192e-01,4.688643407728079748e-02,8.944999020773609644e-01,1.016694021842353912e+00,3.109667456992813023e-02,-8.538677833669543471e-01,-1.202492906537867556e+00,-8.303912957402785622e-02
-1.082755837023813728e+00,-7.969882364396481123e-01,2.841386768014915742e-01,8.309958923801095132e-01,7.757262982035771914e-01,-1.785657036605099723e-02,-9.991013096230153545e-01,-1.023322554459004996e+00,-7.538157616759670610e-02
-7.723197157653778344e-01,-7.089540860166052560e-01,4.605396104151759928e-01,9.604038141566140219e-01,5.790755241704029777e-01,-1.781496952287319191e-01,-9.892854474130945430e-01,-1.025247632938009801e+00,-3.738816427602004167e-02
-1.014280223357268751e+00,-5.251852688570735062e-01,3.747622559611696325e-01,1.035649967738789368e+00,6.113281962764787192e-01,-2.146527848711341502e-01,-9.104820119514185350e-01,-7.667271040075354094e-01,1.851665865349249596e-01
-1.025246657431283515e+00,-5.384047305231686176e-01,5.894466018406562258e-01,9.072849044592504741e-01,4.863882459837907679e-01,-3.323199776848119735e-01,-9.553727711730258809e-01,-7.137356746434111443e-01,5.081932811242022563e-01
-1.134919291453649448e+00,-2.829992800874128744e-01,6.580513759934077944e-01,1.016144883111971042e+00,4.464159338644079766e-01,-5.119578552009701466e-01,-1.171267429446725572e+00,-6.887285883009734988e-01,4.987330963046076593e-01
-9.148749487891769672e-01,-1.908834072440572238e-01,7.897517526099684382e-01,9.178476340680364887e-01,3.156168576869223807e-01,-6.756395867541125089e-01,-7.751755562854254489e-01,-5.420183657105234198e-01,3.965124913528478845e-01
-8.797530234953883088e-01,-3.433673925573225982e-02,7.233609386585294621e-01,1.019089055550658651e+00,2.214320908753802386e-01,-7.228061123482416583e-01,-8.821820197382276296e-01,-4.148974006311578755e-01,6.931020929200395475e-01
-6.792596103126523621e-01,2.829690943887692989e-02,8.424190066019134893e-01,9.056226076659611435e-01,2.453669398430989301e-01,-6.849779027914044693e-01,-8.553870041642884781e-01,-1.811343443330790115e-01,6.569045334344919551e-01
-6.751338805231147377e-01,1.808489503580189006e-01,8.282190385760052065e-01,9.048301110770582412e-01,-6.540696525839470588e-02,-8.270107009457714486e-01,-1.091796219418722735e+00,-1.566105692913991876e-01,8.276596284647192991e-01
-7.446796813291103323e-01,1.630367042170413894e-01,1.024557146046225498e+00,7.878385701774403005e-01,-3.302962247920445543e-02,-9.027193969854310218e-01,-7.880756549851769543e-01,-5.542534436703427242e-02,7.784733740234116572e-01
-5.309751386471268653e-01,2.623756221601528660e-01,9.760568201073596128e-01,7.988708190385510610e-01,-1.074313708780217091e-01,-8.861282084516829416e-01,-7.993626777052585952e-01,-7.966291342441872425e-02,7.716543394124271149e-01
-5.862311769423866892e-01,3.135156451789044563e-01,1.067101334323379502e+00,8.172073994121200613e-01,-1.998877662128260846e-01,-1.048236883599161118e+00,-7.357870413136314847e-01,1.685869140955484069e-01,9.788072775908938095e-01
-4.733637681775002548e-01,5.685247812942110235e-01,1.085240499180315066e+00,5.791190340169809492e-01,-3.207240416970247865e-01,-9.310771082119643216e-01,-3.896094250221262545e-01,9.715857782609732540e-02,9.117579828489467131e-01
-4.656852233327257173e-01,5.183406551287687014e-01,1.031726268644696409e+00,4.410722028179240861e-01,-6.552861802134775093e-01,-8.764247545782039017e-01,-7.010816160503745564e-01,2.932412435823624763e-01,1.069803460597160472e+00
-7.996006786668258259e-03,7.613914416975677835e-01,1.089533645060399847e+00,3.704033188080613215e-01,-7.046329256702981159e-01,-1.065132134855075074e+00,-5.073507072552460029e-01,4.479693439562757451e-01,1.235768153392248436e+00
-1.639976966630067035e-01,9.718480258696058360e-01,9.284772832897522088e-01,9.271231757467746082e-03,-5.905675068437946651e-01,-9.792140907057251820e-01,-4.326953781588647185e-01,6.285322016274772494e-01,1.159647902183847279e+00
-1.614634213144835739e-01,7.994271576972665772e-01,7.619431303559374147e-01,1.375462032100958354e-01,-6.060079440244741100e-01,-1.187254529737821196e+00,-3.496444378408947173e-01,6.095235673686342226e-01,1.029842260753200067e+00
1.219745853057347812e-01,8.685693751051881684e-01,9.384901206476209401e-01,-1.114838939938121304e-01,-1.002657291063346001e+00,-9.401965045357794093e-01,-1.776246252567178219e-01,8.661370485401790331e-01,1.073515081263190840e+00
3.392587264449898332e-01,9.656896498699910625e-01,9.029454688431031162e-01,-9.808579690977101140e-02,-9.098023266668535669e-01,-8.636474551146088308e-01,-1.249090188043865401e-01,6.883206572934148504e-01,8.391757514985819233e-01
2.998707828406487752e-01,1.007817439961096406e+00,7.751521010566285730e-01,-1.595171066977126018e-01,-9.914807540205613501e-01,-7.710028548526201009e-01,1.668503127067863800e-01,1.107257438190167864e+00,8.278062121734812706e-01
3.328617906253198422e-01,8.846542915020285669e-01,7.419878915688749021e-01,-3.842458118037905823e-01,-1.144052508162916482e+00,-6.480821576921041993e-01,2.292453924876585725e-01,8.418083325025584873e-01,8.314188589660920226e-01
6.294731982635515255e-01,9.910964364143476368e-01,6.507418952643341248e-01,-4.631909145143763840e-01,-1.136826146465564902e+00,-6.807091011007005976e-01,2.171138488853679993e-01,8.157746062500405015e-01,6.525950074534634382e-01
6.083116402647713583e-01,9.724946654215019803e-01,2.447082623509662658e-01,-5.492463468247775760e-01,-1.133092345076483820e+00,-5.762945076599430561e-01,3.191162285821920186e-01,9.045029895335198189e-01,7.983032061105025390e-01
6.811976828826755703e-01,9.212055214253493940e-01,1.833717719910786526e-01,-5.226217693846286760e-01,-1.041076441681297871e+00,-6.288674493630437290e-01,2.663586274969932943e-01,1.093206986818670678e+00,6.913794609356367360e-01
7.127905217468739618e-01,8.085387755946699118e-01,1.308674040567222030e-01,-6.517026462412042198e-01,-1.004911240555860674e+00,-4.295562100613116163e-01,5.082856358100094063e-01,1.062534209011166020e+00,6.196137177023192111e-01
9.171372548119249846e-01,7.956650810285039732e-01,1.684903586171390133e-01,-7.699158729959278968e-01,-9.503071175638386769e-01,-3.310797915463358221e-01,5.411314094128771846e-01,9.476995936220278249e-01,2.641761086039389195e-01
9.443676739910551454e-01,6.803645747806450483e-01,2.554488453731444675e-02,-8.999377057072490693e-01,-1.080450581073261862e+00,-2.045880492970311715e-01,8.725185953825020935e-01,9.258801966696053043e-01,2.721670631724581457e-01
9.070743890477485083e-01,5.931847491362144398e-01,-1.085321632899612643e-01,-9.288152530554579789e-01,-7.018353377865624854e-01,-3.184908471380351602e-03,6.351181199804054600e-01,9.588570852344444617e-01,1.746322855324534962e-01
1.094450580471702406e+00,8.715875698547235206e-01,-2.803778480625199188e-01,-9.599865919763301836e-01,-8.235598880171201008e-01,2.212766459442674361e-01,9.472125735798723190e-01,9.505371119979058037e-01,6.832495344745137533e-02
1.054764351899581287e+00,6.790933853390753727e-01,-2.843943984904819255e-01,-8.300007975891405820e-01,-6.832545820704825079e-01,8.538519991718823698e-02,9.185777461660911136e-01,7.487971393825046951e-01,-5.866566626752168362e-02
7.055045101162096266e-01,5.644750006200252024e-01,-3.760038305918996793e-01,-9.350084621492428250e-01,-6.070044572477112377e-01,2.143618298870349770e-01,9.478917540007961717e-01,9.093621512504903581e-01,-1.840625945524194673e-01
9.500693336168229974e-01,4.405433406188466461e-01,-5.873748479131727374e-01,-9.607414249797623373e-01,-5.149823508345900969e-01,3.069368668271366674e-01,9.524629784874090177e-01,7.015183431054390351e-01,-3.241984166390581290e-01
9.499473489419398842e-01,4.023445790718853665e-01,-4.432830493986751330e-01,-1.104641251416720982e+00,-3.193686247369814657e-01,6.749855903845815019e-01,1.133849804912342218e+00,4.545660983053660953e-01,-3.620331083433408481e-01
8.476141008359485696e-01,4.114814774778746687e-01,-7.992733690284092862e-01,-1.036452258460251796e+00,-4.394696759424576715e-01,5.635985182953299200e-01,7.312674706446173900e-01,6.040585519325014641e-01,-5.674111254062791376e-01
7.294553475494566230e-01,1.830344020572875763e-02,-6.327954212673637668e-01,-1.166565258193503318e+00,-2.521559817457282859e-01,7.274091693825490701e-01,8.727482691311603258e-01,4.229077860942875855e-01,-5.198108225144038030e-01
8.783738208798533842e-01,9.198921807658341776e-02,-9.923995128647939978e-01,-9.152281037708202005e-01,-2.711259889338302198e-01,8.101216776076598514e-01,9.042882543085374314e-01,2.421162614866239349e-01,-7.276805084488190412e-01
8.338518282031661677e-01,-1.394154555668719042e-01,-9.349144494826281404e-01,-8.490880767365501791e-01,-9.210357897240807612e-02,6.906593980636983598e-01,9.254893923012565971e-01,1.615313440971184455e-01,-6.585417536710226338e-01
7.662480039704075985e-01,-5.457802257674272406e-01,-1.071962720096781618e+00,-1.004072018417534462e+00,1.918003116495739513e-02,1.018580103338204701e+00,9.297562133276731089e-01,7.882458489339883023e-02,-6.265465610623069947e-01
6.137676267786212891e-01,-3.518333843344607081e-01,-8.431130170376388566e-01,-6.789336326053976300e-01,2.263197513999711807e-01,1.025136655406082120e+00,8.347916827210527524e-01,2.129048145865377467e-02,-8.335869194919287573e-01
6.271745938925279429e-01,-5.243474415986565385e-01,-9.416322570264724634e-01,-6.517851423575963254e-01,1.319528887764130354e-01,1.061868307107186826e+00,8.538188055514882580e-01,-1.055056692074021196e-01,-9.831810803216555206e-01
5.182780834462055175e-01,-5.119729141752376034e-01,-1.063407826007267687e+00,-4.473517248934316681e-01,2.395390104699388345e-01,9.243802481998643072e-01,6.258829355400858940e-01,-2.854956497325482623e-01,-8.137472427990068979e-01
2.030987468321796552e-01,-6.501699345760592053e-01,-9.217134072586422588e-01,-3.784052809364999437e-01,6.298858688476920431e-01,8.526693041270414497e-01,5.297991421290269010e-01,-4.532579640621818839e-01,-9.461946086351991081e-01
1.369130146250878699e-01,-5.946556623668310948e-01,-9.877675900708039469e-01,-5.386630850779488000e-01,4.939360210437001575e-01,1.067764583923956234e+00,4.888552198400485937e-01,-3.281883656737811794e-01,-9.859650797219216001e-01
1.054027638843769987e-02,-9.256728679710167773e-01,-7.767938063935611037e-01,-4.330120202187144884e-01,7.751978012335134505e-01,1.052112774861627686e+00,3.491582008358897204e-01,-6.929425894330286662e-01,-1.241648262534774894e+00
-1.924012298784992248e-01,-8.019934368877466024e-01,-9.023390220744093027e-01,-2.530894076208982657e-01,7.909849987164057072e-01,9.606762742466367078e-01,3.684430495270109018e-01,-6.726114698021899985e-01,-1.005678804956642969e+00
-7.494782353921813911e-02,-9.337652949010524228e-01,-9.084066952398563988e-01,1.601843854263151623e-01,8.440484223959767718e-01,9.482766640889634946e-01,1.400038942299998979e-01,-7.793740074232550219e-01,-8.866656805110273432e-01
-1.432155790799724548e-01,-9.470247421738527960e-01,-7.312172609346023755e-01,1.613986397071432710e-01,9.245669427973441934e-01,7.432515797698550086e-01,1.265338775292512707e-02,-8.542583167810430256e-01,-9.372381223949621809e-01
-2.346552500307012012e-01,-1.111652860261883591e+00,-7.230411456082067589e-01,6.407112333141429250e-02,9.356442857633003873e-01,8.258984344308865078e-01,-1.447750640063943106e-01,-9.782859263350144330e-01,-8.143343700257384965e-01
-4.305553768283958416e-01,-8.879649691546648294e-01,-5.954888605471111429e-01,2.691364625275760036e-01,1.017323817013344955e+00,7.040136187762257025e-01,-1.604249701648216564e-01,-8.544712383622655727e-01,-8.128720650147630566e-01
-4.043530399516068186e-01,-1.062310196489907543e+00,-6.666533996320164190e-01,4.931312777044433160e-01,9.215458428559514248e-01,6.332912596285279472e-01,-3.975921258097367961e-01,-7.267165872829081108e-01,-6.731634969283555314e-01
-9.975245953533568716e-03,8.754094765959987701e-01,8.046058439817600494e-01,1.767011097936162234e-01,-5.421409331403596044e-01,-9.206030058762949553e-01,-3.173156955148517255e-01,4.212567445804218380e-01,8.009504694444450346e-01
2.183804141285540790e-01,8.107945098368285475e-01,9.136565461665910881e-01,2.950051642848914302e-01,-9.830412648846390544e-01,-1.173135473679517427e+00,-3.106492552727898038e-01,7.052879307059486402e-01,8.851237410427080787e-01
3.048066418562526692e-01,1.068221490291825004e+00,9.743261244227834350e-01,-1.421061903781997982e-01,-7.505476661885523981e-01,-9.279427046169190785e-01,4.862084621071116608e-02,8.323197119803386057e-01,9.183944230204064141e-01
2.753173230741011168e-01,9.513021682747395680e-01,5.728472024104980242e-01,-7.338442190834799927e-02,-8.233098197630884796e-01,-8.518602705507540840e-01,1.730455563325884183e-01,7.645481671830118842e-01,7.826581034390355240e-01
3.918906841492705295e-01,9.316408923666966713e-01,6.127928235628278264e-01,-4.061653493035013440e-01,-8.855275506847024580e-01,-7.271508989412788226e-01,2.391294982140799719e-01,8.187871983919504659e-01,8.662416295553901913e-01
6.336873168504839615e-01,1.020478823634518584e+00,4.652805196514857022e-01,-5.437130319925813637e-01,-7.690983547189725877e-01,-5.949386361824997582e-01,3.636351928715898518e-01,8.962255642788354848e-01,6.228264494168878063e-01
5.467620373644952458e-01,7.223471384666086959e-01,4.959319598200710999e-01,-3.631904374693051274e-01,-9.008830044556001004e-01,-5.233613162682257958e-01,3.233364972215372335e-01,1.200282034244060769e+00,6.102933489593599381e-01
6.507713482386903170e-01,1.100282627193759799e+00,3.502864655739589272e-01,-6.443932419007294410e-01,-8.691615528927384426e-01,-5.595381721038387157e-01,3.478453218221643772e-01,9.419056858343612948e-01,6.487356227497100836e-01
7.442778617542455954e-01,9.218077451285120461e-01,1.413847804513621020e-01,-5.982290683928100927e-01,-9.937729332037726904e-01,-3.673223910940523473e-01,4.307429108519057470e-01,1.114059681282734804e+00,4.777169872448142618e-01
8.787266027364625254e-01,8.754229822401190519e-01,1.059259037688582983e-01,-6.852744063786612161e-01,-9.877842050847644995e-01,-4.404938334145930279e-01,5.161102256309296754e-01,1.109408274553544516e+00,4.011915620600746690e-01
7.753109694321134171e-01,9.268534980343799967e-01,3.803975404836348884e-02,-8.642741443751535968e-01,-1.045500803751703289e+00,-1.796078831505582007e-01,8.475567075558242403e-01,8.724394852008241497e-01,2.559819335683096719e-01
9.249925106893531757e-01,9.765210043249961114e-01,-9.180587284414153115e-02,-9.221653716423882097e-01,-7.182522073386181649e-01,-9.238611923058953623e-02,9.159163086817687649e-01,1.048426267451509242e+00,1.919856433371235904e-01
8.144911662219567194e-01,5.333981675697627711e-01,-1.880942604758120140e-01,-8.269238024532429288e-01,-9.293842782068987285e-01,2.072797518769298741e-01,8.206238538935501925e-01,7.955502951232146236e-01,1.786543033866168639e-01
1.027096953375238098e+00,6.525883271503624128e-01,-3.934901804477966003e-01,-7.753912080253363426e-01,-6.929001187445936738e-01,1.579787965742269484e-01,9.797679952607560860e-01,7.616734675421693579e-01,-1.500341453206332776e-01
1.027637249056071456e+00,5.318485602881132257e-01,-6.429428148232408935e-01,-1.051294127629628594e+00,-8.549235951106344267e-01,2.202078559153139437e-01,9.680354396730338484e-01,6.459110108620993440e-01,-2.639894630793213626e-01
1.028652735779138405e+00,2.792773807814594722e-01,-2.887262514230790611e-01,-1.038638173524517150e+00,-5.356595834777148069e-01,2.363940683976702428e-01,9.685815662492510691e-01,7.098527230224359608e-01,-3.438673436015871610e-01
9.246098771441914055e-01,3.819622210620829406e-01,-7.431696922186893373e-01,-1.021188598374098255e+00,-4.805723636122062326e-01,4.786925799773419921e-01,1.110542066103107794e+00,5.153139987652035625e-01,-1.842371955993345467e-01
9.723159143739162902e-01,1.285934102108733379e-01,-6.989610916113847550e-01,-9.537863740401463231e-01,-3.479483592225527944e-01,6.331453991964497430e-01,9.962000854548804796e-01,4.545301384209897710e-01,-2.882603582550168908e-01
7.763296851276896282e-01,2.167884478560165307e-01,-6.836026815066857942e-01,-9.422568311377633732e-01,-1.784825350783033060e-01,5.911711955120068085e-01,1.069169898486414638e+00,4.529416968464698434e-01,-3.248023985407034742e-01
9.267006638348841419e-01,1.969474780620219800e-01,-9.066116062068756420e-01,-9.125093949574228924e-01,-9.924487322147981794e-02,6.714700142554068663e-01,9.441382728314288153e-01,3.338922014820902562e-01,-5.744773852078776111e-01